{"cameraMode":{"drawMode":0,"name":"Shaded","section":"Shading Mode"},"sceneLighting":true,"audioPlay":false,"sceneViewState":{"m_AlwaysRefresh":false,"showFog":true,"showSkybox":true,"showFlares":true,"showImageEffects":false,"showParticleSystems":true,"showVisualEffectGraphs":true,"m_FxEnabled":true},"in2DMode":false,"pivot":{"x":-5.282262325286865,"y":12.082368850708008,"z":-4.968293190002441},"rotation":{"x":0.010823773220181466,"y":0.9879530072212219,"z":-0.13298608362674714,"w":0.07988511025905609},"size":3.0742430686950685,"orthographic":false}