{"cameraMode":{"drawMode":0,"name":"Shaded","section":"Shading Mode"},"sceneLighting":true,"audioPlay":false,"sceneViewState":{"m_AlwaysRefresh":false,"showFog":true,"showSkybox":true,"showFlares":true,"showImageEffects":false,"showParticleSystems":true,"showVisualEffectGraphs":true,"m_FxEnabled":true},"in2DMode":false,"pivot":{"x":11.336931228637696,"y":-7.018836975097656,"z":-13.003002166748047},"rotation":{"x":0.035763248801231387,"y":0.9631720185279846,"z":-0.16367852687835694,"w":0.21105967462062837},"size":16.131175994873048,"orthographic":false}