{"cameraMode":{"drawMode":0,"name":"Shaded","section":"Shading Mode"},"sceneLighting":true,"audioPlay":false,"sceneViewState":{"m_AlwaysRefresh":false,"showFog":true,"showSkybox":true,"showFlares":true,"showImageEffects":false,"showParticleSystems":true,"showVisualEffectGraphs":true,"m_FxEnabled":true},"in2DMode":false,"pivot":{"x":-5.401352882385254,"y":10.832479476928711,"z":-10.646895408630371},"rotation":{"x":0.002356467302888632,"y":-0.9909522533416748,"z":0.13339601457118989,"w":0.017246009781956674},"size":6.274062156677246,"orthographic":false}