{"cameraMode":{"drawMode":0,"name":"Shaded","section":"Shading Mode"},"sceneLighting":true,"audioPlay":false,"sceneViewState":{"m_AlwaysRefresh":false,"showFog":true,"showSkybox":true,"showFlares":true,"showImageEffects":false,"showParticleSystems":true,"showVisualEffectGraphs":true,"m_FxEnabled":true},"in2DMode":false,"pivot":{"x":1.9567759037017823,"y":-7.812379360198975,"z":-11.832674980163575},"rotation":{"x":0.006321975961327553,"y":0.981991708278656,"z":-0.186626598238945,"w":0.033613450825214389},"size":14.771801948547364,"orthographic":false}