{"cameraMode":{"drawMode":0,"name":"Shaded","section":"Shading Mode"},"sceneLighting":true,"audioPlay":false,"sceneViewState":{"m_AlwaysRefresh":false,"showFog":true,"showSkybox":true,"showFlares":true,"showImageEffects":false,"showParticleSystems":true,"showVisualEffectGraphs":true,"m_FxEnabled":true},"in2DMode":false,"pivot":{"x":2.108839750289917,"y":-2.362044095993042,"z":-1.301102876663208},"rotation":{"x":0.002107807667925954,"y":-0.9729993343353272,"z":0.23038625717163087,"w":0.009108579717576504},"size":10.068925857543946,"orthographic":false}