{"cameraMode":{"drawMode":0,"name":"Shaded","section":"Shading Mode"},"sceneLighting":true,"audioPlay":false,"sceneViewState":{"m_AlwaysRefresh":false,"showFog":true,"showSkybox":true,"showFlares":true,"showImageEffects":false,"showParticleSystems":true,"showVisualEffectGraphs":true,"m_FxEnabled":true},"in2DMode":false,"pivot":{"x":-0.9482632875442505,"y":-1.8521924018859864,"z":2.1417036056518556},"rotation":{"x":0.2131861001253128,"y":-0.006511433981359005,"z":0.001176019781269133,"w":0.9771348834037781},"size":2.095126152038574,"orthographic":false}