{"cameraMode":{"drawMode":0,"name":"Shaded","section":"Shading Mode"},"sceneLighting":true,"audioPlay":false,"sceneViewState":{"m_AlwaysRefresh":false,"showFog":true,"showSkybox":true,"showFlares":true,"showImageEffects":false,"showParticleSystems":true,"showVisualEffectGraphs":true,"m_FxEnabled":true},"in2DMode":false,"pivot":{"x":0.23011887073516847,"y":-7.0126776695251469,"z":-10.187437057495118},"rotation":{"x":-0.010008811950683594,"y":0.978771984577179,"z":-0.1997363418340683,"w":-0.04876798018813133},"size":16.131175994873048,"orthographic":false}