{"cameraMode":{"drawMode":0,"name":"Shaded","section":"Shading Mode"},"sceneLighting":true,"audioPlay":false,"sceneViewState":{"m_AlwaysRefresh":false,"showFog":true,"showSkybox":true,"showFlares":true,"showImageEffects":false,"showParticleSystems":true,"showVisualEffectGraphs":true,"m_FxEnabled":true},"in2DMode":false,"pivot":{"x":24.114120483398439,"y":13.873236656188965,"z":-1.0228124856948853},"rotation":{"x":-0.2695983648300171,"y":0.04650987684726715,"z":-0.012987657450139523,"w":-0.9617310166358948},"size":2.015934467315674,"orthographic":false}